[
  {"id":"2","empresa_id":"1","vigencia":"2022","codigo":"FT-SST-002","seccion":"1","estandar":"1","nombre":"Formato Asignación Responsable del SG-SST","nombre_corto":" Asignación Responsable del SG-SST","ubicacion":"E.1.1.1","tipo_documento":"formato","enlace_modelo":"x","sistema":"SGSST","observaciones":"PRINCIPAL ","extension":null,"estado":"1","created_at":"2022-04-22 11:23:53","updated_at":"2022-04-22 11:23:53"},
  {"id":"3","empresa_id":"1","vigencia":"2022","codigo":"FT-SST-003","seccion":"1","estandar":"1","nombre":"Hoja de vida ","nombre_corto":"Hoja de vida ","ubicacion":"E.1.1.1","tipo_documento":"Documento","enlace_modelo":"x","sistema":"SGSST","observaciones":"AUXILIAR ","extension":null,"estado":"1","created_at":"2022-04-22 11:23:53","updated_at":"2022-04-22 11:23:53"},
  {"id":"4","empresa_id":"1","vigencia":"2022","codigo":"FT-SST-004","seccion":"1","estandar":"1","nombre":"Licencia en SST ","nombre_corto":"Licencia en SST ","ubicacion":"E.1.1.1","tipo_documento":"Documento","enlace_modelo":"x","sistema":"SGSST","observaciones":"AUXILIAR ","extension":null,"estado":"1","created_at":"2022-04-22 11:23:53","updated_at":"2022-04-22 11:23:53"},
  {"id":"5","empresa_id":"1","vigencia":"2022","codigo":"FT-SST-005","seccion":"1","estandar":"1","nombre":"Curso virtual de 50 horas","nombre_corto":"Curso virtual de 50 horas","ubicacion":"E.1.1.1","tipo_documento":"Documento","enlace_modelo":"x","sistema":"SGSST","observaciones":"AUXILIAR ","extension":null,"estado":"1","created_at":"2022-04-22 11:23:53","updated_at":"2022-04-22 11:23:53"},
  {"id":"6","empresa_id":"1","vigencia":"2022","codigo":"FT-SST-006","seccion":"1","estandar":"1","nombre":"Formato de comunicación de responsabilidades","nombre_corto":"Formato de comunicación de responsabilidades","ubicacion":"E.1.1.1","tipo_documento":"Formato ","enlace_modelo":"x","sistema":"SGSST ","observaciones":"AUXILIAR ","extension":null,"estado":"1","created_at":"2022-04-22 11:23:53","updated_at":"2022-04-22 11:23:53"},
  {"id":"7","empresa_id":"1","vigencia":"2022","codigo":"ANR-SST-001","seccion":"1","estandar":"1","nombre":"Matriz de roles y responsabilidades","nombre_corto":"Matriz de roles y responsabilidades","ubicacion":"E.1.1.2","tipo_documento":"Matriz","enlace_modelo":"x","sistema":"SGSST","observaciones":"PRINCIPAL ","extension":null,"estado":"1","created_at":"2022-04-22 11:23:53","updated_at":"2022-04-22 11:23:53"},
  {"id":"8","empresa_id":"1","vigencia":"2022","codigo":"MAN-SST-001","seccion":"1","estandar":"1","nombre":"Manual de responsabilidades en SST","nombre_corto":"Manual de vresponsabilidades en SST","ubicacion":"E.1.1.2","tipo_documento":"Manual","enlace_modelo":"x","sistema":"SGSST","observaciones":"AUXILIAR ","extension":null,"estado":"1","created_at":"2022-04-22 11:23:53","updated_at":"2022-04-22 11:23:53"},
  {"id":"9","empresa_id":"1","vigencia":"2022","codigo":"PEI-SST-001","seccion":"1","estandar":"1","nombre":"Procedimiento de evaluación de competencias y responsabilidades","nombre_corto":"Procedimiento de evaluación de competencias","ubicacion":"E.1.1.2","tipo_documento":"Procedimiento ","enlace_modelo":"x","sistema":"SGSST","observaciones":"AUXILIAR ","extension":null,"estado":"1","created_at":"2022-04-22 11:23:53","updated_at":"2022-04-22 11:23:53"},
  {"id":"10","empresa_id":"1","vigencia":"2022","codigo":"FT-SST-007","seccion":"1","estandar":"1","nombre":"Formato de evaluación de funciones y responsabilidades","nombre_corto":"Formato de evaluación de funciones y responsabilidades","ubicacion":"E.1.1.2","tipo_documento":"Matriz","enlace_modelo":"x","sistema":"SGSST","observaciones":"AUXILIAR ","extension":null,"estado":"1","created_at":"2022-04-22 11:23:53","updated_at":"2022-04-22 11:23:53"},
  {"id":"11","empresa_id":"1","vigencia":"2022","codigo":"FT-SST-008","seccion":"1","estandar":"1","nombre":"Formato de asignación de recursos ","nombre_corto":"Formato de asignación de recursos ","ubicacion":"E.1.1.3","tipo_documento":"Formato ","enlace_modelo":"x","sistema":"SGSST","observaciones":"PRINCIPAL ","extension":null,"estado":"1","created_at":"2022-04-22 11:23:53","updated_at":"2022-04-22 11:23:53"},
  {"id":"12","empresa_id":"1","vigencia":"2022","codigo":"FT-SST-009","seccion":"1","estandar":"1","nombre":"Formato de presupuesto  del SG-SST ","nombre_corto":"Formato de presupuesto  del SG-SST ","ubicacion":"E.1.1.3","tipo_documento":"Matriz","enlace_modelo":"x","sistema":"SGSST","observaciones":"AUXILIAR ","extension":null,"estado":"1","created_at":"2022-04-22 11:23:53","updated_at":"2022-04-22 11:23:53"},
  {"id":"13","empresa_id":"1","vigencia":"2022","codigo":"FT-SST-010","seccion":"1","estandar":"1","nombre":"Formato listado de trabajadores dependientes y contratistas ","nombre_corto":"Formato listado de trabajadores dependientes y contratistas ","ubicacion":"E.1.1.4","tipo_documento":"Matriz","enlace_modelo":"x","sistema":"SGSST","observaciones":"PRINCIPAL ","extension":null,"estado":"1","created_at":"2022-04-22 11:23:53","updated_at":"2022-04-22 11:23:53"},
  {"id":"14","empresa_id":"1","vigencia":"2022","codigo":"FT-SST-011","seccion":"1","estandar":"1","nombre":"Planilla de aportes al SGRL  de trabajadores directos de los ultimos 3 meses","nombre_corto":"Planilla de aportes al SGRL  de trabajadores directos de los ultimos 3 meses","ubicacion":"E.1.1.4","tipo_documento":"Documento","enlace_modelo":"x","sistema":"SGSST","observaciones":"AUXILIAR ","extension":null,"estado":"1","created_at":"2022-04-22 11:23:53","updated_at":"2022-04-22 11:23:53"},
  {"id":"15","empresa_id":"1","vigencia":"2022","codigo":"FT-SST-012","seccion":"1","estandar":"1","nombre":"Planilla de aportes al SGRL  de trabajadores por OPS  de los ultimos 3 meses","nombre_corto":"Planilla de aportes al SGRL  de trabajadores por OPS  de los ultimos 3 meses","ubicacion":"E.1.1.4","tipo_documento":"Documento","enlace_modelo":"x","sistema":"SGSST","observaciones":"AUXILIAR ","extension":null,"estado":"1","created_at":"2022-04-22 11:23:53","updated_at":"2022-04-22 11:23:53"},
  {"id":"16","empresa_id":"1","vigencia":"2022","codigo":"FT-SST-013","seccion":"1","estandar":"1","nombre":"Certificados de afiliación EPS,ARL,AFP  y  CCF","nombre_corto":"Certificados de afiliación EPS,ARL,AFP  y  CCF","ubicacion":"E.1.1.4","tipo_documento":"Documento","enlace_modelo":"x","sistema":"SGSST","observaciones":"AUXILIAR ","extension":null,"estado":"1","created_at":"2022-04-22 11:23:53","updated_at":"2022-04-22 11:23:53"},
  {"id":"17","empresa_id":"1","vigencia":"2022","codigo":"FT-SST-014","seccion":"1","estandar":"1","nombre":"Formato listado de trabajadores que realizan actividades de alto riesgo","nombre_corto":"Formato listado de trabajadores que realizan actividades de alto riesgo","ubicacion":"E.1.1.5","tipo_documento":"Matriz","enlace_modelo":"x","sistema":"SGSST","observaciones":"PRINCIPAL ","extension":null,"estado":"1","created_at":"2022-04-22 11:23:53","updated_at":"2022-04-22 11:23:53"},
  {"id":"18","empresa_id":"1","vigencia":"2022","codigo":"PEI-SST-002","seccion":"1","estandar":"1","nombre":"Procedimiento de actividades de alto riesgo","nombre_corto":"Procedimiento de actividades de alto riesgo","ubicacion":"E.1.1.5","tipo_documento":"Documento","enlace_modelo":"x","sistema":"SGSST ","observaciones":"NO EXISTE PEI","extension":null,"estado":"1","created_at":"2022-04-22 11:23:53","updated_at":"2022-04-22 11:23:53"},
  {"id":"19","empresa_id":"1","vigencia":"2022","codigo":"PEI-SST-003","seccion":"1","estandar":"1","nombre":"Procedimiento de actividades de alto riesgo","nombre_corto":"Procedimiento de actividades de alto riesgo","ubicacion":"E.1.1.5","tipo_documento":"Documento","enlace_modelo":"x","sistema":"SGSST ","observaciones":"NO EXISTE PEI","extension":null,"estado":"1","created_at":"2022-04-22 11:23:53","updated_at":"2022-04-22 11:23:53"},
  {"id":"20","empresa_id":"1","vigencia":"2022","codigo":"PEI-SST-004","seccion":"1","estandar":"1","nombre":"Procedimiento de actividades de alto riesgo","nombre_corto":"Procedimiento de actividades de alto riesgo","ubicacion":"E.1.1.5","tipo_documento":"Documento","enlace_modelo":"x","sistema":"SGSST ","observaciones":"NO EXISTE PEI","extension":null,"estado":"1","created_at":"2022-04-22 11:23:53","updated_at":"2022-04-22 11:23:53"},
  {"id":"21","empresa_id":"1","vigencia":"2022","codigo":"PEI-SST-005","seccion":"1","estandar":"1","nombre":"Procedimiento de actividades de alto riesgo","nombre_corto":"Procedimiento de actividades de alto riesgo","ubicacion":"E.1.1.5","tipo_documento":"Documento","enlace_modelo":"x","sistema":"SGSST ","observaciones":"NO EXISTE PEI","extension":null,"estado":"1","created_at":"2022-04-22 11:23:53","updated_at":"2022-04-22 11:23:53"},
  {"id":"22","empresa_id":"1","vigencia":"2022","codigo":"FT-SST-015","seccion":"1","estandar":"1","nombre":"Certificado de aportes especiales al SGSS","nombre_corto":"Certificado de aportes especiales al SGSS","ubicacion":"E.1.1.5","tipo_documento":"Documento","enlace_modelo":"x","sistema":"SGSST","observaciones":"AUXILIAR ","extension":null,"estado":"1","created_at":"2022-04-22 11:23:53","updated_at":"2022-04-22 11:23:53"},
  {"id":"23","empresa_id":"1","vigencia":"2022","codigo":"FT-SST-016","seccion":"1","estandar":"1","nombre":"Formato acta de nombramiento del vigia de SST","nombre_corto":"Formato acta de nombramiento del vigia de SST","ubicacion":"E.1.1.6","tipo_documento":"Formato ","enlace_modelo":"x","sistema":"SGSST","observaciones":"PRINCIPAL ","extension":null,"estado":"1","created_at":"2022-04-22 11:23:53","updated_at":"2022-04-22 11:23:53"},
  {"id":"24","empresa_id":"1","vigencia":"2022","codigo":"FT-SST-017","seccion":"1","estandar":"1","nombre":"Formato acta de reunion del COPASST\/VIGIA","nombre_corto":"Formato acta de reunion del vigia ","ubicacion":"E.1.1.6","tipo_documento":"Formato ","enlace_modelo":"x","sistema":"SGSST","observaciones":"AUXILIAR ","extension":null,"estado":"1","created_at":"2022-04-22 11:23:53","updated_at":"2022-04-22 11:23:53"},
  {"id":"25","empresa_id":"1","vigencia":"2022","codigo":"FT-SST-018","seccion":"1","estandar":"1","nombre":"Formato de convocatoria de elección de COPASST","nombre_corto":"Formato de convocatoria de elección de COPASST","ubicacion":"E.1.1.6","tipo_documento":"Formato","enlace_modelo":"x","sistema":"SGSST","observaciones":"AUXILIAR ","extension":null,"estado":"1","created_at":"2022-04-22 11:23:53","updated_at":"2022-04-22 11:23:53"},
  {"id":"26","empresa_id":"1","vigencia":"2022","codigo":"PEI-SST-006","seccion":"1","estandar":"1","nombre":"Procedimiento para elección y conformación del COPASST","nombre_corto":"Procedimiento para elección y conformación del COPASST","ubicacion":"E.1.1.6","tipo_documento":"Procedimiento ","enlace_modelo":"x","sistema":"SGSST","observaciones":"AUXILIAR ","extension":null,"estado":"1","created_at":"2022-04-22 11:23:53","updated_at":"2022-04-22 11:23:53"},
  {"id":"27","empresa_id":"1","vigencia":"2022","codigo":"FT-SST-019","seccion":"1","estandar":"1","nombre":"Formato de inscripción de candidatos al COPASST","nombre_corto":"Formato de inscripción de candidatos al COPASST","ubicacion":"E.1.1.6","tipo_documento":"Formato ","enlace_modelo":"x","sistema":"SGSST","observaciones":"AUXILIAR ","extension":null,"estado":"1","created_at":"2022-04-22 11:23:53","updated_at":"2022-04-22 11:23:53"},
  {"id":"28","empresa_id":"1","vigencia":"2022","codigo":"FT-SST-020","seccion":"1","estandar":"1","nombre":"Formato para votación de candidatos al COPASST","nombre_corto":"Formato para votación de candidatos al COPASST","ubicacion":"E.1.1.6","tipo_documento":"Formato","enlace_modelo":"x","sistema":"SGSST","observaciones":"AUXILIAR ","extension":null,"estado":"1","created_at":"2022-04-22 11:23:53","updated_at":"2022-04-22 11:23:53"},
  {"id":"29","empresa_id":"1","vigencia":"2022","codigo":"FT-SST-021","seccion":"1","estandar":"1","nombre":"Formato acta de apertura de elección de elección al COPASST ","nombre_corto":"Formato acta de apertura de elección de elección al COPASST ","ubicacion":"E.1.1.6","tipo_documento":"Formato","enlace_modelo":"x","sistema":"SGSST","observaciones":"AUXILIAR ","extension":null,"estado":"1","created_at":"2022-04-22 11:23:53","updated_at":"2022-04-22 11:23:53"},
  {"id":"30","empresa_id":"1","vigencia":"2022","codigo":"FT-SST-022","seccion":"1","estandar":"1","nombre":"Formato Acta de cierre de elecciones del COPASST","nombre_corto":"Formato Acta de cierre de elecciones del COPASST","ubicacion":"E.1.1.6","tipo_documento":"Formato","enlace_modelo":"x","sistema":"SGSST","observaciones":"AUXILIAR ","extension":null,"estado":"1","created_at":"2022-04-22 11:23:53","updated_at":"2022-04-22 11:23:53"},
  {"id":"31","empresa_id":"1","vigencia":"2022","codigo":"FT-SST-023","seccion":"1","estandar":"1","nombre":"Formato acta de conformación del COPASST ","nombre_corto":"Formato acta de conformación del COPASST ","ubicacion":"E.1.1.6","tipo_documento":"Formato","enlace_modelo":"x","sistema":"SGSST","observaciones":"AUXILIAR ","extension":null,"estado":"1","created_at":"2022-04-22 11:23:53","updated_at":"2022-04-22 11:23:53"},
  {"id":"32","empresa_id":"1","vigencia":"2022","codigo":"FT-SST-024","seccion":"1","estandar":"1","nombre":"Formato de cronograma de actividades del COPASST\/VIGIA  ","nombre_corto":"Formato de cronograma de actividades del COPASST\/VIGIA ","ubicacion":"E.1.1.6","tipo_documento":"Matriz","enlace_modelo":"x","sistema":"SGSST","observaciones":"AUXILIAR ","extension":null,"estado":"1","created_at":"2022-04-22 11:23:53","updated_at":"2022-04-22 11:23:53"},
  {"id":"33","empresa_id":"1","vigencia":"2022","codigo":"FT-SST-025","seccion":"1","estandar":"1","nombre":"Cronograma de capacitaciones.","nombre_corto":"Cronograma de capacitaciones.","ubicacion":"E.1.1.7","tipo_documento":"Matriz","enlace_modelo":"x","sistema":"SGSST","observaciones":"PRINCIPAL","extension":null,"estado":"1","created_at":"2022-04-22 11:23:53","updated_at":"2022-04-22 11:23:53"},
  {"id":"34","empresa_id":"1","vigencia":"2022","codigo":"FT-SST-025-1","seccion":"1","estandar":"1","nombre":"Registro de asistencia ","nombre_corto":"Registro de asistencia","ubicacion":"E.1.1.7","tipo_documento":"Formato","enlace_modelo":"x","sistema":"SGSST","observaciones":"AUXILIAR ","extension":null,"estado":"1","created_at":"2022-04-22 11:23:53","updated_at":"2022-04-22 11:23:53"},
  {"id":"35","empresa_id":"1","vigencia":"2022","codigo":"FT-SST-026","seccion":"1","estandar":"1","nombre":"Curso virtual de 50 horas del VIGIA ","nombre_corto":"Curso virtual de 50 horas del VIGIA ","ubicacion":"E.1.1.7","tipo_documento":"Documento","enlace_modelo":"x","sistema":"SGSST","observaciones":"AUXILIAR ","extension":null,"estado":"1","created_at":"2022-04-22 11:23:53","updated_at":"2022-04-22 11:23:53"},
  {"id":"36","empresa_id":"1","vigencia":"2022","codigo":"FT-SST-027","seccion":"1","estandar":"1","nombre":"Formato acta de nombramiento del comité de convivencia laboral","nombre_corto":"Acta de nombramiento del comité de convivencia laboral","ubicacion":"E.1.1.8","tipo_documento":"Formato","enlace_modelo":"x","sistema":"SGSST","observaciones":"PRINCIPAL","extension":null,"estado":"1","created_at":"2022-04-22 11:23:53","updated_at":"2022-04-22 11:23:53"},
  {"id":"37","empresa_id":"1","vigencia":"2022","codigo":"FT-SST-028","seccion":"1","estandar":"1","nombre":"Formato Acta de reunión del comité de convivencia laboral ","nombre_corto":"Acta de reunión del comité de convivencia laboral ","ubicacion":"E.1.1.8","tipo_documento":"Formato","enlace_modelo":"x","sistema":"SGSST","observaciones":"AUXILIAR ","extension":null,"estado":"1","created_at":"2022-04-22 11:23:53","updated_at":"2022-04-22 11:23:53"},
  {"id":"38","empresa_id":"1","vigencia":"2022","codigo":"FT-SST-029","seccion":"1","estandar":"1","nombre":"Formato acta de apertura de elecciones COVILA ","nombre_corto":"Formato acta de apertura de elecciones COVILA ","ubicacion":"E.1.1.8","tipo_documento":"Formato","enlace_modelo":"x","sistema":"SGSST","observaciones":"AUXILIAR ","extension":null,"estado":"1","created_at":"2022-04-22 11:23:53","updated_at":"2022-04-22 11:23:53"},
  {"id":"39","empresa_id":"1","vigencia":"2022","codigo":"FT-SST-030","seccion":"1","estandar":"1","nombre":"Formato acta de asistencia registro de votantes","nombre_corto":"Formato acta de asistencia registro de votantes","ubicacion":"E.1.1.8","tipo_documento":"Formato","enlace_modelo":"x","sistema":"SGSST","observaciones":"AUXILIAR ","extension":null,"estado":"1","created_at":"2022-04-22 11:23:53","updated_at":"2022-04-22 11:23:53"},
  {"id":"40","empresa_id":"1","vigencia":"2022","codigo":"FT-SST-031","seccion":"1","estandar":"1","nombre":"Formato acta de convocatoria elección de COVILA","nombre_corto":"Formato acta de convocatoria elección de COVILA","ubicacion":"E.1.1.8","tipo_documento":"Formato","enlace_modelo":"x","sistema":"SGSST","observaciones":"AUXILIAR ","extension":null,"estado":"1","created_at":"2022-04-22 11:23:53","updated_at":"2022-04-22 11:23:53"},
  {"id":"41","empresa_id":"1","vigencia":"2022","codigo":"FT-SST-032","seccion":"1","estandar":"1","nombre":"Formato acta de registro de candidatos ","nombre_corto":"Formato acta de registro de candidatos ","ubicacion":"E.1.1.8","tipo_documento":"Formato","enlace_modelo":"x","sistema":"SGSST","observaciones":"AUXILIAR ","extension":null,"estado":"1","created_at":"2022-04-22 11:23:53","updated_at":"2022-04-22 11:23:53"},
  {"id":"42","empresa_id":"1","vigencia":"2022","codigo":"FT-SST-033","seccion":"1","estandar":"1","nombre":"Formato acta de constitución del comité de convivencia laboral","nombre_corto":"Formato acta de constitución del comité de convivencia laboral","ubicacion":"E.1.1.8","tipo_documento":"Formato","enlace_modelo":"x","sistema":"SGSST","observaciones":"AUXILIAR ","extension":null,"estado":"1","created_at":"2022-04-22 11:23:53","updated_at":"2022-04-22 11:23:53"},
  {"id":"43","empresa_id":"1","vigencia":"2022","codigo":"FT-SST-034","seccion":"1","estandar":"1","nombre":"Formato acta de convocatoria de inscripción de candidatos al COVILA ","nombre_corto":"Formato acta de convocatoria de inscripción de candidatos al COVILA ","ubicacion":"E.1.1.8","tipo_documento":"Formato","enlace_modelo":"x","sistema":"SGSST","observaciones":"AUXILIAR ","extension":null,"estado":"1","created_at":"2022-04-22 11:23:53","updated_at":"2022-04-22 11:23:53"},
  {"id":"44","empresa_id":"1","vigencia":"2022","codigo":"FT-SST-035","seccion":"1","estandar":"1","nombre":"Formato tarjeton eleccion COVILA.","nombre_corto":"Formato tarjeton eleccion COVILA.","ubicacion":"E.1.1.8","tipo_documento":"Formato","enlace_modelo":"x","sistema":"SGSST","observaciones":"AUXILIAR ","extension":null,"estado":"1","created_at":"2022-04-22 11:23:53","updated_at":"2022-04-22 11:23:53"},
  {"id":"45","empresa_id":"1","vigencia":"2022","codigo":"FT-SST-036","seccion":"1","estandar":"1","nombre":"Formato Acta de cierre de elecciones del COVILA","nombre_corto":"Formato Acta de cierre de elecciones del COVILA","ubicacion":"E.1.1.8","tipo_documento":"Formato","enlace_modelo":"x","sistema":"SGSST","observaciones":"AUXILIAR ","extension":null,"estado":"1","created_at":"2022-04-22 11:23:53","updated_at":"2022-04-22 11:23:53"},
  {"id":"46","empresa_id":"1","vigencia":"2022","codigo":"PEI-SST-007","seccion":"1","estandar":"1","nombre":"Procediemiento eleccion COVILA","nombre_corto":"Procediemiento eleccion COVILA","ubicacion":"E.1.1.8","tipo_documento":"Procedimiento ","enlace_modelo":"x","sistema":"SGSST","observaciones":"AUXILIAR ","extension":null,"estado":"1","created_at":"2022-04-22 11:23:53","updated_at":"2022-04-22 11:23:53"},

    {
      "id": 47,
      "codigo": "PRG-SST-001",
      "seccion": 1,
      "estandar": 1,
      "nombre": "Programa de capacitación y entrenamiento ",
      "nombre_corto": "Programa de capacitación y entrenamiento ",
      "ubicacion": "E.1.2.1",
      "tipo_documento": "Programa",
      "enlace_modelo": "x",
      "sistema": "SGSST",
      "observaciones": "PRINCIPAL",
      "estado": 1,
      "created_at": 44629,
      "updated_at": 44630
    },
    {
      "id": 48,
      "codigo": "FT-SST-037",
      "seccion": 1,
      "estandar": 1,
      "nombre": "Formato acta de asistencia a capacitaciones ",
      "nombre_corto": "Formato acta de asistencia a capacitaciones ",
      "ubicacion": "E.1.2.1",
      "tipo_documento": "Formato",
      "enlace_modelo": "x",
      "sistema": "SGSST",
      "observaciones": "AUXILIAR ",
      "estado": 1,
      "created_at": 44629,
      "updated_at": 44630
    },
    {
      "id": 49,
      "codigo": "FT-SST-038",
      "seccion": 1,
      "estandar": 1,
      "nombre": "Formato de cronograma de capacitaciones y entrenamiento",
      "nombre_corto": "Formato de cronograma de capacitaciones y entrenamiento",
      "ubicacion": "E.1.2.1",
      "tipo_documento": "Formato",
      "enlace_modelo": "x",
      "sistema": "SGSST",
      "observaciones": "AUXILIAR ",
      "estado": 1,
      "created_at": 44629,
      "updated_at": 44630
    },
    {
      "id": 50,
      "codigo": "FT-SST-039",
      "seccion": 1,
      "estandar": 1,
      "nombre": "Certificados de idoneidad o competencias de los capacitadores",
      "nombre_corto": "Certificados de idoneidad o competencias de los capacitadores",
      "ubicacion": "E.1.2.1",
      "tipo_documento": "Documento",
      "enlace_modelo": "x",
      "sistema": "SGSST",
      "observaciones": "AUXILIAR",
      "estado": 1,
      "created_at": 44629,
      "updated_at": 44630
    },
    {
      "id": 51,
      "codigo": "FT-SST-040",
      "seccion": 1,
      "estandar": 1,
      "nombre": "Formato de evaluación de efectividad de las capacitaciones",
      "nombre_corto": "Formato de evaluación de efectividad de las capacitaciones",
      "ubicacion": "E.1.2.1",
      "tipo_documento": "Formato",
      "enlace_modelo": "x",
      "sistema": "SGSST",
      "observaciones": "AUXILIAR",
      "estado": 1,
      "created_at": 44629,
      "updated_at": 44630
    },
    {
      "id": 52,
      "codigo": "PRG-SST-002",
      "seccion": 1,
      "estandar": 1,
      "nombre": "Programa de Inducción y Reinducción ",
      "nombre_corto": "Programa de Inducción y Reinducción ",
      "ubicacion": "E.1.2.2",
      "tipo_documento": "Programa ",
      "enlace_modelo": "x",
      "sistema": "SGSST",
      "observaciones": "PRINCIPAL",
      "estado": 2,
      "created_at": 44629,
      "updated_at": 44630
    },
    {
      "id": 53,
      "codigo": "FT-SST-041",
      "seccion": 1,
      "estandar": 1,
      "nombre": "Formato registro de la inducción ",
      "nombre_corto": "Formato registro de la inducción ",
      "ubicacion": "E.1.2.2",
      "tipo_documento": "Formato",
      "enlace_modelo": "x",
      "sistema": "SGSST",
      "observaciones": "AUXILIAR ",
      "estado": 1,
      "created_at": 44629,
      "updated_at": 44630
    },
    {
      "id": 54,
      "codigo": "FT-SST-042",
      "seccion": 1,
      "estandar": 1,
      "nombre": "Formato de evaluación de Inducción y reinducción ",
      "nombre_corto": "Formato de evaluación de Inducción y reinducción ",
      "ubicacion": "E.1.2.2",
      "tipo_documento": "Formato",
      "enlace_modelo": "x",
      "sistema": "SGSST",
      "observaciones": "AUXILIAR ",
      "estado": 1,
      "created_at": 44629,
      "updated_at": 44630
    },
    {
      "id": 55,
      "codigo": "FT-SST-043",
      "seccion": 1,
      "estandar": 1,
      "nombre": "Curso virtual de 50 horas para el responsable de SG-SST",
      "nombre_corto": "Curso virtual de 50 horas para el responsable de SG-SST",
      "ubicacion": "E.1.2.3",
      "tipo_documento": "Documento",
      "enlace_modelo": "x",
      "sistema": "SGSST",
      "observaciones": "Principal",
      "estado": 1,
      "created_at": 44629,
      "updated_at": 44630
    },
    {
      "id": 56,
      "codigo": "PLT-SST-001",
      "seccion": 1,
      "estandar": 1,
      "nombre": "Politica de Seguridad y salud en el trabajo ",
      "nombre_corto": "Politica de SST",
      "ubicacion": "E.2.1.1",
      "tipo_documento": "Politica",
      "enlace_modelo": "x",
      "sistema": "SGSST",
      "observaciones": "Principal",
      "estado": 1,
      "created_at": 44629,
      "updated_at": 44630
    },
    {
      "id": 57,
      "codigo": "PLT-SST-002",
      "seccion": 1,
      "estandar": 1,
      "nombre": "Politica de prevención de consumo de tabaco y drogas  ",
      "nombre_corto": "Politica de prevención de consumo de tabaco y drogas  ",
      "ubicacion": "E.2.1.1",
      "tipo_documento": "Politica ",
      "enlace_modelo": "x",
      "sistema": "SGSST",
      "observaciones": "AUXILIAR ",
      "estado": 1,
      "created_at": 44629,
      "updated_at": 44630
    },
    {
      "id": 58,
      "codigo": "PLT-SST-003",
      "seccion": 1,
      "estandar": 1,
      "nombre": "Politica de uso de elementos y equipo de protección personal",
      "nombre_corto": "Politica de uso de EPP ",
      "ubicacion": "E.2.1.1",
      "tipo_documento": "Politica",
      "enlace_modelo": "x",
      "sistema": "SGSST",
      "observaciones": "AUXILIAR ",
      "estado": 1,
      "created_at": 44629,
      "updated_at": 44630
    },
    {
      "id": 59,
      "codigo": "PLT-SST-004",
      "seccion": 1,
      "estandar": 1,
      "nombre": "Politica de preparación,prevención y respuesta ante emergencias.",
      "nombre_corto": "Politica de preparación,prevención y respuesta ante emergencias.",
      "ubicacion": "E.2.1.1",
      "tipo_documento": "Politica ",
      "enlace_modelo": "x",
      "sistema": "SGSST",
      "observaciones": "AUXILIAR ",
      "estado": 1,
      "created_at": 44629,
      "updated_at": 44630
    },
    {
      "id": 60,
      "codigo": "PLT-SST-005",
      "seccion": 1,
      "estandar": 1,
      "nombre": "Politica de prevención del acoso laboral",
      "nombre_corto": "Politica de prevención del acoso laboral",
      "ubicacion": "E.2.1.1",
      "tipo_documento": "Politica ",
      "enlace_modelo": "x",
      "sistema": "SGSST",
      "observaciones": "AUXILIAR ",
      "estado": 1,
      "created_at": 44629,
      "updated_at": 44630
    },
    {
      "id": 61,
      "codigo": "FT-SST-044",
      "seccion": 1,
      "estandar": 1,
      "nombre": "Formato de objetivos de Seguridad y Salud en el trabajo ",
      "nombre_corto": "Formato de objetivos de Seguridad y Salud en el trabajo ",
      "ubicacion": "E.2.2.1",
      "tipo_documento": "Formato ",
      "enlace_modelo": "x",
      "sistema": "SGSST",
      "observaciones": "Principal",
      "estado": 1,
      "created_at": 44629,
      "updated_at": 44630
    },
    {
      "id": 62,
      "codigo": "FT-SST-045",
      "seccion": 1,
      "estandar": 1,
      "nombre": "Formato matriz de objetivos e indicadores ",
      "nombre_corto": "Formato matriz de objetivos e indicadores ",
      "ubicacion": "E.2.2.1",
      "tipo_documento": "Matriz",
      "enlace_modelo": "x",
      "sistema": "SGSST",
      "observaciones": "AUXILIAR ",
      "estado": 1,
      "created_at": 44629,
      "updated_at": 44630
    },
    {
      "id": 63,
      "codigo": "FT-SST-046",
      "seccion": 1,
      "estandar": 1,
      "nombre": "Formato de Evaluación Inicial ",
      "nombre_corto": "Formato de Evaluación Inicial ",
      "ubicacion": "E.2.3.1",
      "tipo_documento": "Matriz",
      "enlace_modelo": "x",
      "sistema": "SGSST",
      "observaciones": "PRINCIPAL",
      "estado": 1,
      "created_at": 44629,
      "updated_at": 44630
    },
    {
      "id": 64,
      "codigo": "FT-SST-047",
      "seccion": 1,
      "estandar": 1,
      "nombre": "Formato Plan de Trabajo Anual",
      "nombre_corto": "Formato Plan de Trabajo Anual",
      "ubicacion": "E.2.4.1",
      "tipo_documento": "Matriz",
      "enlace_modelo": "x",
      "sistema": "SGSST",
      "observaciones": "PRINCIPAL",
      "estado": 1,
      "created_at": 44629,
      "updated_at": 44630
    },
    {
      "id": 65,
      "codigo": "PEI-SST-008",
      "seccion": 1,
      "estandar": 1,
      "nombre": "Procedimiento para control y conservación de documentos ",
      "nombre_corto": "Procedimiento para control y conservación de documentos ",
      "ubicacion": "E.2.5.1",
      "tipo_documento": "Procedimiento ",
      "enlace_modelo": "x",
      "sistema": "SGSST",
      "observaciones": "PRINCIPAL",
      "estado": 1,
      "created_at": 44629,
      "updated_at": 44630
    },
    {
      "id": 66,
      "codigo": "FT-SST-048",
      "seccion": 1,
      "estandar": 1,
      "nombre": "Control de cambios en los documentos ",
      "nombre_corto": "Control de cambios en los documentos ",
      "ubicacion": "E.2.5.1",
      "tipo_documento": "Matriz",
      "enlace_modelo": "x",
      "sistema": "SG-SST",
      "observaciones": "AUXILIAR ",
      "estado": 1,
      "created_at": 44629,
      "updated_at": 44630
    },
    {
      "id": 67,
      "codigo": "FT-SST-049",
      "seccion": 1,
      "estandar": 1,
      "nombre": "Formato de solicitud de creación,modificación y eliminación de documentos ",
      "nombre_corto": "Formato de solicitud de creación,modificación y eliminación de documentos ",
      "ubicacion": "E.2.5.1",
      "tipo_documento": "Formato ",
      "enlace_modelo": "x",
      "sistema": "SG-SST",
      "observaciones": "AUXILIAR ",
      "estado": 1,
      "created_at": 44629,
      "updated_at": 44630
    },
    {
      "id": 68,
      "codigo": "FT-SST-050",
      "seccion": 1,
      "estandar": 1,
      "nombre": "Listado maestro de documentos ",
      "nombre_corto": "Listado maestro de documentos ",
      "ubicacion": "E.2.5.1",
      "tipo_documento": "Matriz",
      "enlace_modelo": "x",
      "sistema": "SG-SST",
      "observaciones": "AUXILIAR ",
      "estado": 1,
      "created_at": 44629,
      "updated_at": 44630
    },
    {
      "id": 69,
      "codigo": "PRC-SST-009",
      "seccion": 1,
      "estandar": 1,
      "nombre": "Procedimiento o mecanismo rendición de cuentas",
      "nombre_corto": "Procedimiento o mecanismo rendición de cuentas",
      "ubicacion": "E.2.6.1",
      "tipo_documento": "Procedimiento ",
      "enlace_modelo": "x",
      "sistema": "SGSST",
      "observaciones": "PRINCIPAL",
      "estado": 1,
      "created_at": 44629,
      "updated_at": 44630
    },
    {
      "id": 70,
      "codigo": "FT-SST-051",
      "seccion": 1,
      "estandar": 1,
      "nombre": "Formato rendición de cuentas del responsable del SG-SST ",
      "nombre_corto": "Formato rendición de cuentas del responsable del SG-SST ",
      "ubicacion": "E.2.6.1",
      "tipo_documento": "Matriz",
      "enlace_modelo": "x",
      "sistema": "SG-SST",
      "observaciones": "AUXILIAR ",
      "estado": 1,
      "created_at": 44629,
      "updated_at": 44630
    },
    {
      "id": 71,
      "codigo": "FT-SST-052",
      "seccion": 1,
      "estandar": 1,
      "nombre": "Formato rendición de cuentas del COPASST/ VIGIA ",
      "nombre_corto": "Formato rendición de cuentas del COPASST/ VIGIA ",
      "ubicacion": "E.2.6.1",
      "tipo_documento": "Matriz",
      "enlace_modelo": "x",
      "sistema": "SG-SST",
      "observaciones": "AUXILIAR ",
      "estado": 1,
      "created_at": 44629,
      "updated_at": 44630
    },
    {
      "id": 72,
      "codigo": "FT-SST-053",
      "seccion": 1,
      "estandar": 1,
      "nombre": "Formato de rendición de cuentas del Comité de Convivencia laboral ",
      "nombre_corto": "Formato de rendición de cuentas del COVILA ",
      "ubicacion": "E.2.6.1",
      "tipo_documento": "Matriz",
      "enlace_modelo": "x",
      "sistema": "SG-SST",
      "observaciones": "AUXILIAR ",
      "estado": 1,
      "created_at": 44629,
      "updated_at": 44630
    },
    {
      "id": 73,
      "codigo": "FT-SST-054",
      "seccion": 1,
      "estandar": 1,
      "nombre": "Formato de rendición de cuentas de Brigadas de emergencia ",
      "nombre_corto": "Formato de rendición de cuentas de Brigadas de emergencia ",
      "ubicacion": "E.2.6.1",
      "tipo_documento": "Matriz",
      "enlace_modelo": "x",
      "sistema": "SG-SST",
      "observaciones": "AUXILIAR ",
      "estado": 1,
      "created_at": 44629,
      "updated_at": 44630
    },
    {
      "id": 74,
      "codigo": "ANR-SST-002",
      "seccion": 1,
      "estandar": 1,
      "nombre": "Matriz de requisitos legales",
      "nombre_corto": "Matriz de requisitos legales",
      "ubicacion": "E.2.7.1",
      "tipo_documento": "Matriz",
      "enlace_modelo": "x",
      "sistema": "SG-SST",
      "observaciones": "PRINCIPAL",
      "estado": 1,
      "created_at": 44629,
      "updated_at": 44630
    },
    {
      "id": 75,
      "codigo": "PEI-SST-010",
      "seccion": 1,
      "estandar": 1,
      "nombre": "Procedimiento para la Identificación de requisitos legales ",
      "nombre_corto": "Procedimiento para la Identificación de requisitos legales ",
      "ubicacion": "E.2.7.1",
      "tipo_documento": "Procedimiento",
      "enlace_modelo": "x",
      "sistema": "SG-SST",
      "observaciones": "AUXILIAR ",
      "estado": 1,
      "created_at": 44629,
      "updated_at": 44630
    },
    {
      "id": 76,
      "codigo": "PEI-SST-011",
      "seccion": 1,
      "estandar": 1,
      "nombre": "Procedimiento de comunicación interna y externa ",
      "nombre_corto": "Procedimiento de comunicación interna y externa ",
      "ubicacion": "E.2.8.1",
      "tipo_documento": "Procedimiento ",
      "enlace_modelo": "x",
      "sistema": "SG-SST",
      "observaciones": "PRINCIPAL",
      "estado": 1,
      "created_at": 44629,
      "updated_at": 44630
    },
    {
      "id": 77,
      "codigo": "PEI-SST-012",
      "seccion": 1,
      "estandar": 1,
      "nombre": "Procedimiento de reporte de actos y condiciones inseguras",
      "nombre_corto": "Procedimiento de reporte de actos y condiciones inseguras",
      "ubicacion": "E.2.8.1",
      "tipo_documento": "Procedimiento ",
      "enlace_modelo": "x",
      "sistema": "SG-SST",
      "observaciones": "AUXILIAR ",
      "estado": 1,
      "created_at": 44629,
      "updated_at": 44630
    },
    {
      "id": 78,
      "codigo": "FT-SST-055",
      "seccion": 1,
      "estandar": 1,
      "nombre": "Formato de Matriz de seguimiento actos y condiciones Inseguras ",
      "nombre_corto": "Formato de Matriz de seguimiento actos y condiciones Inseguras ",
      "ubicacion": "E.2.8.1",
      "tipo_documento": "Matriz",
      "enlace_modelo": "x",
      "sistema": "SG-SST",
      "observaciones": "AUXILIAR ",
      "estado": 1,
      "created_at": 44629,
      "updated_at": 44630
    },
    {
      "id": 79,
      "codigo": "FT-SST-056",
      "seccion": 1,
      "estandar": 1,
      "nombre": "Formato de reporte de actos y condiciones Inseguras ",
      "nombre_corto": "Formato de reporte de actos y condiciones Inseguras ",
      "ubicacion": "E.2.8.1",
      "tipo_documento": "Matriz",
      "enlace_modelo": "x",
      "sistema": "SG-SST",
      "observaciones": "AUXILIAR ",
      "estado": 1,
      "created_at": 44629,
      "updated_at": 44630
    },
    {
      "id": 80,
      "codigo": "PEI-SST-013",
      "seccion": 1,
      "estandar": 1,
      "nombre": "Procedimiento de Comunicación participación y consulta ",
      "nombre_corto": "Procedimiento de Comunicación participación y consulta ",
      "ubicacion": "E.2.8.1",
      "tipo_documento": "Procedimiento ",
      "enlace_modelo": "x",
      "sistema": "SG-SST",
      "observaciones": "AUXILIAR ",
      "estado": 1,
      "created_at": 44629,
      "updated_at": 44630
    },
    {
      "id": 81,
      "codigo": "PRC-SST-014",
      "seccion": 1,
      "estandar": 1,
      "nombre": "Procedimiento de adquisiones y compras ",
      "nombre_corto": "Procedimiento de adquisiones y compras ",
      "ubicacion": "E.2.9.1",
      "tipo_documento": "Procedimiento",
      "enlace_modelo": "x",
      "sistema": "SG-SST",
      "observaciones": "PRINCIPAL",
      "estado": 1,
      "created_at": 44629,
      "updated_at": 44630
    },
    {
      "id": 82,
      "codigo": "FT-SST-057",
      "seccion": 1,
      "estandar": 1,
      "nombre": "Formato de evaluación de servicio y compras",
      "nombre_corto": "Formato de evaluación de bien y servicio ",
      "ubicacion": "E.2.9.1",
      "tipo_documento": "Matriz",
      "enlace_modelo": "x",
      "sistema": "SG-SST",
      "observaciones": "AUXILIAR ",
      "estado": 1,
      "created_at": 44629,
      "updated_at": 44630
    },
    {
      "id": 83,
      "codigo": "PEI-SST-015",
      "seccion": 1,
      "estandar": 1,
      "nombre": "Procedimiento de SST para contratistas ",
      "nombre_corto": "Procedimiento de SST para contratistas ",
      "ubicacion": "E.2.10.1",
      "tipo_documento": "Procedimiento",
      "enlace_modelo": "x",
      "sistema": "SG-SST",
      "observaciones": "AUXILIAR ",
      "estado": 1,
      "created_at": 44630,
      "updated_at": 44631
    },
    {
      "id": 84,
      "codigo": "FT-SST-058",
      "seccion": 1,
      "estandar": 1,
      "nombre": "Formato de verificación de contratistas",
      "nombre_corto": "Formato de verificación de contratistas",
      "ubicacion": "E.2.10.1",
      "tipo_documento": "Matriz",
      "enlace_modelo": "x",
      "sistema": "SG-SST",
      "observaciones": "AUXILIAR",
      "estado": 1,
      "created_at": 44629,
      "updated_at": 44630
    },
    {
      "id": 85,
      "codigo": "ANR-SST-003",
      "seccion": 1,
      "estandar": 1,
      "nombre": "Matriz  de gestión de proveedores y contratistas ",
      "nombre_corto": "Matriz  de gestión de proveedores y contratistas ",
      "ubicacion": "E.2.10.1",
      "tipo_documento": "Matriz",
      "enlace_modelo": "x",
      "sistema": "SG-SST",
      "observaciones": "AUXILIAR ",
      "estado": 1,
      "created_at": 44629,
      "updated_at": 44630
    },
    {
      "id": 86,
      "codigo": "FT-SST-059",
      "seccion": 1,
      "estandar": 1,
      "nombre": "Formato de evaluación de compras",
      "nombre_corto": "Formato de evaluación de compras",
      "ubicacion": "E.2.10.1",
      "tipo_documento": "Matriz",
      "enlace_modelo": "x",
      "sistema": "SG-SST",
      "observaciones": "AUXILIAR ",
      "estado": 1,
      "created_at": 44629,
      "updated_at": 44630
    },
    {
      "id": 88,
      "codigo": "PRC-SST-012",
      "seccion": 1,
      "estandar": 1,
      "nombre": "Procedimiento gestión del cambio ",
      "nombre_corto": "Procedimiento gestión del cambio ",
      "ubicacion": "E.2.11.1",
      "tipo_documento": "Procedimiento ",
      "enlace_modelo": "x",
      "sistema": "SG-SST",
      "observaciones": "PRINCIPAL",
      "estado": 1,
      "created_at": 44629,
      "updated_at": 44630
    },
    {
      "id": 89,
      "codigo": "FT-SST-060",
      "seccion": 1,
      "estandar": 1,
      "nombre": "Formato de autorización de gestión del cambio ",
      "nombre_corto": "Formato de autorización de gestión del cambio ",
      "ubicacion": "E.2.11.1",
      "tipo_documento": "Matriz",
      "enlace_modelo": "x",
      "sistema": "SG-SST",
      "observaciones": "AUXILIAR ",
      "estado": 1,
      "created_at": 44629,
      "updated_at": 44630
    }
  
  ]